QueryId,DocumentId
1,28
1,78
1,51
1,28
1,53
1,83
1,44
1,68
1,67
1,83
10,931
10,913
10,930
10,985
10,995
10,903
10,929
10,995
10,977
10,929
100,9512
100,9574
100,9576
100,9557
100,9574
100,9554
100,9564
100,9582
100,9548
100,9554
101,9713
101,9666
101,9713
101,9618
101,9685
101,9651
101,9634
101,9686
101,9621
101,9621
102,9780
102,9778
102,9770
102,9724
102,9798
102,9760
102,9818
102,9760
102,9783
102,9796
103,9909
103,9884
103,9897
103,9891
103,9862
103,9913
103,9900
103,9889
103,9862
103,9889
104,10001
104,10001
104,10006
104,9927
104,9978
104,10007
104,9944
104,9992
104,9978
104,9940
105,10042
105,10035
105,10050
105,10083
105,10057
105,10041
105,10041
105,10050
105,10044
105,10066
106,10158
106,10150
106,10194
106,10115
106,10192
106,10158
106,10139
106,10179
106,10180
106,10140
107,10296
107,10238
107,10265
107,10236
107,10302
107,10290
107,10282
107,10292
107,10287
107,10256
108,10326
108,10361
108,10375
108,10354
108,10414
108,10400
108,10395
108,10402
108,10390
108,10353
109,10464
109,10450
109,10472
109,10420
109,10464
109,10452
109,10499
109,10454
109,10421
109,10464
11,1040
11,1096
11,1056
11,1023
11,1043
11,1043
11,1061
11,1057
11,1050
11,1026
110,10540
110,10529
110,10591
110,10613
110,10618
110,10581
110,10570
110,10525
110,10544
110,10563
111,10646
111,10661
111,10669
111,10659
111,10646
111,10685
111,10694
111,10660
111,10670
111,10694
112,10803
112,10741
112,10781
112,10802
112,10791
112,10764
112,10734
112,10731
112,10768
112,10769
113,10815
113,10854
113,10882
113,10853
113,10888
113,10883
113,10880
113,10891
113,10902
113,10835
114,10922
114,10966
114,10969
114,10995
114,10931
114,10931
114,10985
114,10966
114,10985
114,10922
115,11046
115,11055
115,11037
115,11042
115,11047
115,11059
115,11062
115,11060
115,11046
115,11025
116,11161
116,11161
116,11110
116,11087
116,11096
116,11103
116,11124
116,11215
116,11085
116,11128
117,11218
117,11203
117,11186
117,11218
117,11262
117,11212
117,11211
117,11228
117,11204
117,11211
118,11298
118,11362
118,11279
118,11351
118,11306
118,11333
118,11289
118,11334
118,11316
118,11347
119,11419
119,11423
119,11435
119,11471
119,11389
119,11419
119,11423
119,11470
119,11479
119,11413
12,1194
12,1152
12,1117
12,1112
12,1117
12,1152
12,1144
12,1138
12,1109
12,1131
120,11543
120,11498
120,11560
120,11547
120,11584
120,11520
120,11518
120,11536
120,11551
120,11498
121,11641
121,11616
121,11604
121,11647
121,11687
121,11600
121,11628
121,11647
121,11600
121,11587
122,11784
122,11742
122,11708
122,11691
122,11788
122,11784
122,11699
122,11691
122,11749
122,11699
123,11816
123,11851
123,11881
123,11812
123,11830
123,11818
123,11836
123,11818
123,11802
123,11810
124,11944
124,11940
124,11930
124,11948
124,11944
124,11946
124,11897
124,11936
124,11895
124,11926
125,11971
125,12046
125,12046
125,12056
125,12056
125,12056
125,12058
125,12045
125,12047
125,12000
126,12126
126,12113
126,12117
126,12140
126,12084
126,12104
126,12130
126,12075
126,12092
126,12135
127,12196
127,12200
127,12217
127,12237
127,12184
127,12262
127,12223
127,12186
127,12171
127,12262
128,12347
128,12289
128,12373
128,12362
128,12289
128,12277
128,12280
128,12363
128,12373
128,12345
129,12425
129,12479
129,12451
129,12424
129,12471
129,12476
129,12445
129,12440
129,12425
129,12424
13,1272
13,1220
13,1277
13,1279
13,1208
13,1207
13,1294
13,1232
13,1297
13,1269
130,12483
130,12503
130,12528
130,12528
130,12505
130,12520
130,12546
130,12489
130,12485
130,12503
131,12615
131,12596
131,12633
131,12624
131,12677
131,12677
131,12678
131,12613
131,12631
131,12665
132,12749
132,12758
132,12704
132,12704
132,12722
132,12689
132,12701
132,12692
132,12686
132,12749
133,12807
133,12860
133,12850
133,12809
133,12871
133,12856
133,12801
133,12844
133,12869
133,12858
134,12947
134,12916
134,12916
134,12958
134,12972
134,12926
134,30266
134,12922
134,12908
134,12904
135,12996
135,13050
135,12994
135,13019
135,13039
135,13019
135,12984
135,13064
135,12985
135,13050
136,13149
136,13098
136,13096
136,13112
136,13166
136,13133
136,13085
136,13149
136,13171
136,13133
137,13184
137,13182
137,13228
137,13272
137,13215
137,13200
137,13260
137,13270
137,13236
137,13182
138,13339
138,13306
138,13298
138,13311
138,13338
138,13329
138,13312
138,13325
138,13325
138,13285
139,13362
139,13395
139,13357
139,13346
139,13383
139,13380
139,13372
139,13370
139,13362
139,13420
14,1373
14,1373
14,1364
14,1373
14,1312
14,1389
14,1328
14,1328
14,1324
14,1183
140,13524
140,13465
140,13479
140,13479
140,13496
140,13465
140,13448
140,13504
140,13467
140,13517
141,13575
141,13556
141,13551
141,13585
141,13544
141,13579
141,13581
141,13552
141,13589
141,13587
142,13712
142,13671
142,13735
142,13674
142,13692
142,13707
142,13726
142,13676
142,13651
142,13661
143,13823
143,13776
143,13823
143,13794
143,13810
143,13778
143,13773
143,13773
143,13760
143,13760
144,13915
144,13849
144,13928
144,13841
144,13849
144,13921
144,13921
144,13930
144,13904
144,13879
145,13943
145,14012
145,14019
145,13993
145,13956
145,13943
145,13978
145,13939
145,14003
145,14016
146,14085
146,14085
146,14095
146,14124
146,14076
146,14133
146,14088
146,14091
146,14044
146,14042
147,14203
147,14208
147,14171
147,14148
147,14239
147,14148
147,14239
147,14233
147,14207
147,14208
148,14322
148,14260
148,14272
148,14272
148,14290
148,14290
148,14274
148,14270
148,14278
148,14272
149,14425
149,14355
149,14422
149,14425
149,14405
149,14405
149,14348
149,14392
149,14355
149,14381
15,1476
15,1416
15,1432
15,1432
15,1486
15,1456
15,1451
15,1449
15,1486
15,1439
150,14450
150,14511
150,14490
150,14479
150,14473
150,14446
150,14465
150,14476
150,14435
150,14519
151,14604
151,14619
151,14598
151,14557
151,14619
151,14598
151,14590
151,14558
151,14606
151,14610
152,14640
152,14665
152,14677
152,14636
152,14677
152,14662
152,14651
152,14679
152,14689
152,14688
153,14773
153,14758
153,14731
153,14737
153,14771
153,14771
153,14759
153,14748
153,14737
153,14758
154,14808
154,14808
154,14827
154,14853
154,14835
154,14789
154,14827
154,14829
154,14834
154,14829
155,14895
155,14965
155,14969
155,14928
155,14991
155,14983
155,14970
155,14902
155,14902
155,14976
156,15036
156,14992
156,15009
156,14992
156,15059
156,15051
156,15009
156,14992
156,15077
156,15001
157,15131
157,15151
157,15145
157,15109
157,15111
157,15151
157,15109
157,15159
157,15190
157,15192
158,15261
158,15250
158,15276
158,15250
158,15218
158,15261
158,15202
158,15290
158,15262
158,15220
159,15303
159,15299
159,15350
159,15306
159,15321
159,15352
159,15377
159,15326
159,15347
159,15361
16,1541
16,1523
16,1553
16,1549
16,1508
16,1538
16,1577
16,1557
16,1505
16,1525
160,15469
160,15444
160,15398
160,15444
160,15446
160,15402
160,15418
160,15417
160,15396
160,15409
161,15494
161,15546
161,15565
161,15471
161,15517
161,15543
161,15550
161,15509
161,15485
161,15560
162,15575
162,15610
162,15576
162,15576
162,15626
162,15623
162,15644
162,15642
162,15584
162,15627
163,15731
163,15705
163,15662
163,15751
163,15754
163,15663
163,15712
163,15731
163,15738
163,15716
164,15820
164,15780
164,15780
164,15793
164,15855
164,15817
164,15836
164,15862
164,15861
164,15831
165,15881
165,15930
165,15948
165,15930
165,15949
165,15934
165,15887
165,15885
165,15873
165,15947
166,15963
166,16017
166,16027
166,15973
166,16006
166,16006
166,15952
166,16017
166,16008
166,15963
167,16055
167,16068
167,16083
167,16083
167,16054
167,16107
167,16104
167,16087
167,16084
167,16133
168,16147
168,16177
168,16151
168,16153
168,16213
168,16157
168,16221
168,16186
168,16165
168,16213
169,16258
169,16278
169,16310
169,16278
169,16233
169,16310
169,16266
169,16253
169,16246
169,16242
17,1645
17,1608
17,1632
17,1696
17,1681
17,1619
17,1638
17,1697
17,1635
17,1651
170,16390
170,16411
170,16365
170,16361
170,16368
170,16333
170,16390
170,16386
170,16405
170,16384
171,16526
171,16446
171,16504
171,16478
171,16492
171,16446
171,16484
171,16482
171,16135
171,16504
172,16537
172,16588
172,16538
172,16606
172,16556
172,16541
172,16605
172,16611
172,16602
172,16605
173,16680
173,16643
173,16701
173,16680
173,16709
173,16652
173,16638
173,16638
173,16653
173,16686
174,16807
174,16783
174,16807
174,16747
174,16761
174,16814
174,16799
174,16732
174,16752
174,16780
175,16841
175,16917
175,16841
175,16837
175,16870
175,16852
175,16919
175,16913
175,16838
175,16864
176,16952
176,16921
176,16923
176,16938
176,16974
176,16947
176,16965
176,17000
176,16987
176,16978
177,17092
177,17102
177,17059
177,17044
177,17015
177,17022
177,17059
177,17022
177,17022
177,17023
178,17155
178,17163
178,17130
178,17130
178,17188
178,17143
178,17174
178,17165
178,17176
178,17118
179,17208
179,17251
179,17208
179,17260
179,17295
179,17215
179,17289
179,17218
179,17295
179,17276
18,1729
18,1748
18,1734
18,1731
18,1729
18,1734
18,1775
18,1781
18,1712
18,1775
180,17348
180,17357
180,17362
180,17338
180,17357
180,17338
180,17321
180,17391
180,17367
180,17354
181,17464
181,17428
181,17487
181,17495
181,17471
181,17419
181,17458
181,17472
181,17483
181,17456
182,17566
182,17545
182,17534
182,17592
182,17552
182,17580
182,17569
182,17571
182,17531
182,17574
183,17648
183,17637
183,17699
183,17684
183,17653
183,17630
183,17665
183,17642
183,17602
183,17664
184,17778
184,17728
184,17773
184,17777
184,17760
184,17745
184,17795
184,17803
184,17801
184,17803
185,17837
185,17899
185,17871
185,17874
185,17865
185,17837
185,17886
185,17867
185,17888
185,17806
186,17917
186,17904
186,17909
186,17917
186,17900
186,17923
186,13327
186,17914
186,17920
186,17913
187,17925
187,17946
187,17962
187,17926
187,17979
187,17975
187,17950
187,17976
187,18008
187,17925
188,18031
188,18081
188,18106
188,18087
188,18052
188,18127
188,18062
188,18042
188,18096
188,18106
189,18134
189,18174
189,18131
189,18220
189,18174
189,18134
189,18158
189,18221
189,18143
189,18220
19,1794
19,1864
19,1870
19,1864
19,1866
19,1794
19,1798
19,1798
19,1874
19,1803
190,18314
190,18237
190,18299
190,18306
190,18257
190,18310
190,18257
190,18248
190,18278
190,18237
191,18344
191,18400
191,18333
191,18408
191,18362
191,18397
191,18344
191,18408
191,18385
191,18416
192,18454
192,18467
192,18442
192,18479
192,18500
192,18500
192,18498
192,18439
192,18471
192,18471
193,18593
193,18578
193,18593
193,18527
193,18530
193,18570
193,18623
193,18518
193,18538
193,18593
194,18680
194,18658
194,18713
194,18723
194,18713
194,18729
194,18182
194,18641
194,18683
194,18677
195,18788
195,18753
195,18788
195,18805
195,18737
195,18783
195,18792
195,18808
195,18805
195,18750
196,18891
196,18862
196,18927
196,18871
196,18909
196,18861
196,18932
196,18863
196,18859
196,18871
197,18974
197,18975
197,18934
197,18991
197,19001
197,18974
197,18954
197,18970
197,18996
197,18935
198,19060
198,19075
198,19078
198,19023
198,19064
198,19099
198,19078
198,19094
198,19065
198,19075
199,19210
199,19141
199,19133
199,19210
199,19129
199,19203
199,19116
199,19187
199,19206
199,19157
2,165
2,131
2,165
2,149
2,129
2,167
2,153
2,150
2,285
2,129
20,1897
20,1956
20,1880
20,1909
20,1972
20,1909
20,1920
20,1968
20,1939
20,1980
200,19262
200,19245
200,19225
200,19221
200,19271
200,19221
200,19262
200,19222
200,19271
200,19293
201,19400
201,19369
201,19358
201,19334
201,19369
201,19308
201,19375
201,19364
201,19389
201,19323
202,19405
202,19422
202,19405
202,19419
202,19472
202,19428
202,19456
202,19480
202,19444
202,19466
203,19573
203,19514
203,19555
203,19508
203,19511
203,19555
203,19506
203,19508
203,19527
203,19577
204,19655
204,19648
204,19693
204,19677
204,19618
204,19681
204,19618
204,19651
204,19682
204,19648
205,19755
205,19741
205,19738
205,19742
205,19761
205,19788
205,19752
205,19752
205,19755
205,19742
206,19816
206,19861
206,19854
206,19866
206,19900
206,19861
206,19816
206,19854
206,19829
206,19816
207,19908
207,19914
207,19931
207,19914
207,19918
207,19904
207,19910
207,19911
207,19927
207,19929
208,20029
208,19935
208,19975
208,19986
208,20023
208,19954
208,19987
208,19995
208,20029
208,20023
209,20066
209,20044
209,20071
209,20106
209,20076
209,20066
209,20098
209,20076
209,20097
209,20129
21,2025
21,1984
21,1984
21,1989
21,2022
21,1995
21,1989
21,2073
21,2046
21,1995
210,20198
210,20170
210,20215
210,20135
210,20198
210,20170
210,20135
210,20158
210,20215
210,20139
211,20247
211,20247
211,20255
211,20255
211,20330
211,20254
211,2232
211,20321
211,20329
211,20247
212,20367
212,20359
212,20405
212,20347
212,20370
212,20399
212,20359
212,20421
212,20422
212,20405
213,20499
213,20515
213,20511
213,20446
213,20524
213,20486
213,20517
213,20494
213,20510
213,20511
214,20577
214,20539
214,20581
214,20599
214,20623
214,20577
214,20539
214,20560
214,20541
214,20611
215,20655
215,20668
215,20664
215,20656
215,20668
215,20697
215,20739
215,20653
215,20664
215,20655
216,20829
216,20821
216,20816
216,20801
216,20816
216,20817
216,20775
216,20787
216,20783
216,20816
217,20845
217,20861
217,20890
217,20899
217,20837
217,20845
217,20846
217,20890
217,20923
217,20936
218,20967
218,20962
218,20991
218,20967
218,20947
218,20958
218,20974
218,20976
218,20964
218,20997
219,21041
219,21123
219,21059
219,21041
219,21035
219,21058
219,21095
219,21033
219,21112
219,21034
22,2081
22,2140
22,2157
22,2142
22,2140
22,2131
22,2117
22,2168
22,2092
22,2118
220,21144
220,21164
220,21136
220,21189
220,21222
220,21147
220,21188
220,21139
220,21131
220,21195
221,21246
221,21246
221,21245
221,21258
221,21231
221,21319
221,21253
221,21271
221,21300
221,21246
222,21329
222,21379
222,21339
222,21408
222,21348
222,21334
222,21347
222,21401
222,21329
222,21347
223,21429
223,21440
223,21448
223,21456
223,21448
223,21480
223,21432
223,21452
223,21507
223,21484
224,21565
224,21570
224,21592
224,21518
224,21515
224,21609
224,21519
224,21603
224,21585
224,21565
225,21655
225,21672
225,21628
225,21655
225,21694
225,21638
225,21697
225,21704
225,21647
225,21680
226,21760
226,21751
226,21725
226,21741
226,21741
226,21709
226,21731
226,21729
226,21769
226,21791
227,21888
227,21833
227,21876
227,21829
227,21888
227,21906
227,21847
227,21911
227,21888
227,21833
228,21915
228,21951
228,21928
228,21923
228,21941
228,21937
228,21949
228,21929
228,21951
228,21914
229,21995
229,21982
229,21972
229,21966
229,21978
229,22063
229,21589
229,21609
229,21519
229,22092
23,2189
23,2212
23,2216
23,2249
23,2212
23,2252
23,2249
23,2252
23,2229
23,2229
230,22132
230,22066
230,22130
230,22054
230,22073
230,22087
230,22130
230,22075
230,22079
230,22139
231,22184
231,22150
231,22062
231,22166
231,22160
231,22211
231,22172
231,22198
231,22150
231,22160
232,22299
232,22259
232,22258
232,22290
232,22258
232,22259
232,22299
232,21962
232,22286
232,22290
233,22376
233,22416
233,22408
233,22405
233,22341
233,22364
233,22346
233,22376
233,22405
233,22352
234,22489
234,22424
234,22485
234,22489
234,22504
234,22424
234,22452
234,22465
234,22446
234,22489
235,22516
235,22520
235,22539
235,22532
235,22539
235,22514
235,22524
235,22510
235,22531
235,22539
236,22593
236,22599
236,22623
236,22637
236,22612
236,22564
236,22564
236,22623
236,22612
236,22637
237,22690
237,22738
237,22675
237,22717
237,22641
237,22727
237,22733
237,22690
237,22738
237,22675
238,22750
238,22828
238,22793
238,22750
238,22794
238,22760
238,22810
238,22749
238,22820
238,22776
239,22861
239,22874
239,22840
239,22882
239,22910
239,22861
239,22908
239,22899
239,22871
239,22882
24,2388
24,2337
24,2388
24,2388
24,2337
24,2327
24,2344
24,2322
24,2310
24,2366
240,23018
240,22973
240,22939
240,23035
240,23018
240,22977
240,23024
240,22944
240,23034
240,23038
241,23133
241,23079
241,23133
241,23054
241,23047
241,23067
241,23085
241,23133
241,23079
241,23054
242,23215
242,23151
242,23215
242,23180
242,23204
242,23204
242,23207
242,23215
242,23151
242,23218
243,23295
243,23329
243,23306
243,23282
243,23263
243,23324
243,23248
243,23286
243,23263
243,23295
244,23395
244,23408
244,23352
244,23409
244,23402
244,23363
244,23352
244,23374
244,23427
244,23352
245,23547
245,23465
245,23481
245,23547
245,23465
245,23455
245,23528
245,23466
245,23462
245,23464
246,23615
246,23556
246,23662
246,23646
246,23559
246,23666
246,23632
246,23648
246,23556
246,23646
247,23685
247,23685
247,23718
247,23703
247,23686
247,23696
247,23675
247,23687
247,23718
247,23703
248,23738
248,23753
248,23794
248,23737
248,23749
248,23753
248,23772
248,23778
248,23784
248,23816
249,23915
249,23845
249,23833
249,23909
249,23834
249,23863
249,23868
249,23904
249,23894
249,23284
25,2454
25,2406
25,2404
25,2404
25,2413
25,2473
25,2420
25,2437
25,2405
25,2430
250,24015
250,23921
250,23927
250,23928
250,23954
250,24020
250,24016
250,24004
250,24005
250,24000
251,24059
251,24070
251,24058
251,24059
251,24051
251,24071
251,24035
251,24063
251,24059
251,24058
252,29824
252,24185
252,24161
252,24214
252,24131
252,24202
252,24214
252,24176
252,24188
252,24131
253,24266
253,24283
253,24309
253,24300
253,24314
253,24270
253,24238
253,24264
253,24236
253,24316
254,24321
254,24349
254,24367
254,24351
254,24352
254,24344
254,24342
254,24356
254,24333
254,24351
255,24480
255,24431
255,24470
255,24458
255,24414
255,24468
255,24431
255,24468
255,24445
255,24480
256,24537
256,24485
256,24552
256,24505
256,24547
256,24561
256,24542
256,24529
256,24497
256,24555
257,24612
257,24678
257,24621
257,24621
257,24599
257,24673
257,24652
257,24678
257,24612
257,24681
258,24781
258,24760
258,24730
258,24690
258,24688
258,24687
258,24776
258,24746
258,24781
258,24756
259,24876
259,24824
259,24787
259,24814
259,24293
259,24796
259,24812
259,24238
259,24854
259,24855
26,2585
26,2506
26,2526
26,2579
26,2521
26,2535
26,2506
26,2582
26,2570
26,2503
260,24948
260,24983
260,24887
260,24924
260,24962
260,24936
260,24915
260,24937
260,24935
260,24983
261,25069
261,25032
261,25021
261,25061
261,25078
261,24998
261,24990
261,25064
261,25055
261,25061
262,25098
262,25109
262,25147
262,25085
262,25135
262,25149
262,25147
262,25158
262,25175
262,25147
263,25236
263,25187
263,25271
263,25181
263,25212
263,25187
263,25251
263,25271
263,25212
263,25237
264,25355
264,25287
264,25349
264,25357
264,25333
264,25306
264,25287
264,25349
264,25310
264,25330
265,25388
265,25422
265,25424
265,25446
265,25396
265,25422
265,25396
265,25452
265,25436
265,25400
266,25495
266,25479
266,25500
266,25538
266,25470
266,25540
266,25527
266,25525
266,25500
266,25470
267,25578
267,25551
267,25554
267,25570
267,25569
267,25559
267,25554
267,25570
267,25574
267,25558
268,25611
268,25612
268,25598
268,25603
268,25610
268,25605
268,25621
268,25590
268,25595
268,25607
269,25650
269,25733
269,25729
269,25643
269,25729
269,25663
269,25665
269,25645
269,25643
269,25729
27,2676
27,2612
27,2604
27,2620
27,2656
27,2673
27,2624
27,2603
27,2652
27,2598
270,25774
270,25808
270,25746
270,25806
270,25832
270,25791
270,25805
270,25773
270,25748
270,25774
271,25846
271,25848
271,25902
271,25872
271,25846
271,25848
271,25924
271,25907
271,25902
271,25940
272,26015
272,25999
272,26029
272,25984
272,25957
272,25947
272,26029
272,25990
272,25989
272,25999
273,26062
273,26052
273,26073
273,26087
273,26113
273,26073
273,26052
273,26107
273,26123
273,26109
274,26211
274,26185
274,26200
274,26195
274,26180
274,26196
274,26208
274,26196
274,26155
274,26175
275,26250
275,26317
275,26221
275,26217
275,26273
275,26285
275,26290
275,26281
275,26316
275,26243
276,26397
276,26369
276,26341
276,26374
276,26382
276,26371
276,26331
276,26333
276,26350
276,26407
277,26437
277,26472
277,26501
277,26472
277,26449
277,26440
277,26440
277,26460
277,26500
277,26472
278,26581
278,26586
278,26602
278,26560
278,26586
278,26581
278,26560
278,26567
278,26552
278,26609
279,26663
279,26656
279,26660
279,26676
279,26670
279,26660
279,26636
279,26634
279,26702
279,26651
28,2681
28,2681
28,2701
28,2704
28,2717
28,2701
28,2717
28,2710
28,2769
28,2771
280,26738
280,26723
280,26735
280,26718
280,26710
280,26711
280,26709
280,26705
280,26732
280,26731
281,26765
281,26785
281,26803
281,26775
281,26821
281,26773
281,26785
281,26763
281,26779
281,26836
282,26875
282,26894
282,26856
282,26883
282,26861
282,26911
282,26934
282,26903
282,26897
282,26894
283,27013
283,27032
283,27012
283,26970
283,27012
283,27031
283,26980
283,26983
283,27013
283,26959
284,27080
284,27114
284,27066
284,27122
284,27059
284,27084
284,27119
284,27114
284,27078
284,27080
285,27221
285,27198
285,27209
285,27209
285,27221
285,27235
285,27198
285,27211
285,27228
285,27221
286,27298
286,27289
286,27294
286,27299
286,27331
286,27276
286,27289
286,27247
286,27298
286,27299
287,27427
287,27392
287,27388
287,27354
287,27411
287,27409
287,27367
287,27395
287,27422
287,27351
288,27454
288,27529
288,27481
288,27474
288,27454
288,27491
288,27498
288,27526
288,27460
288,27485
289,27569
289,27619
289,27591
289,27590
289,27607
289,27584
289,27619
289,27567
289,27564
289,27543
29,2841
29,2779
29,2774
29,2848
29,2786
29,2780
29,2780
29,2821
29,2815
29,2783
290,27730
290,27739
290,27648
290,27648
290,27679
290,27741
290,27730
290,27736
290,27707
290,27649
291,27768
291,27840
291,27838
291,27784
291,27851
291,27794
291,27777
291,27838
291,27840
291,27780
292,27925
292,27864
292,27864
292,27945
292,27914
292,27881
292,27858
292,27889
292,27918
292,27955
293,28024
293,28008
293,28039
293,28044
293,27981
293,28055
293,28025
293,28024
293,27968
293,28046
294,28116
294,28104
294,28155
294,28075
294,28104
294,28099
294,28082
294,28103
294,28136
294,28086
295,28206
295,28259
295,28175
295,28193
295,28206
295,28212
295,28180
295,28257
295,28250
295,28175
296,28304
296,28316
296,28293
296,28281
296,28316
296,28346
296,28330
296,28279
296,28345
296,28353
297,28474
297,28394
297,28415
297,28419
297,28414
297,28474
297,28453
297,28396
297,28435
297,28472
298,28546
298,28485
298,28519
298,28492
298,28543
298,28485
298,28519
298,28517
298,28480
298,28511
299,28582
299,28618
299,28623
299,28629
299,28611
299,28615
299,28645
299,28573
299,28588
299,28632
3,228
3,293
3,217
3,271
3,201
3,242
3,198
3,275
3,221
3,266
30,2898
30,2895
30,2946
30,2947
30,2895
30,2934
30,2914
30,2881
30,2919
30,2940
300,28732
300,28716
300,28747
300,28702
300,28728
300,28690
300,28660
300,28746
300,28682
300,28732
301,28823
301,28792
301,28824
301,28792
301,28824
301,28802
301,28823
301,28831
301,28792
301,28774
302,28932
302,28893
302,28932
302,28854
302,28934
302,28899
302,28898
302,28887
302,28846
302,28900
303,29030
303,29039
303,28956
303,28971
303,29005
303,28952
303,29005
303,29012
303,29013
303,29003
304,29046
304,29063
304,29096
304,29085
304,29046
304,29063
304,29047
304,29093
304,29059
304,29097
305,29211
305,29171
305,29195
305,29140
305,29179
305,29215
305,29136
305,29193
305,29218
305,29140
306,29232
306,29288
306,29237
306,29318
306,29270
306,29284
306,29238
306,29236
306,29237
306,29238
307,29384
307,29410
307,29350
307,29414
307,29376
307,29378
307,29351
307,29392
307,29381
307,29354
308,29528
308,29447
308,29516
308,29498
308,29496
308,29456
308,29496
308,29447
308,29515
308,29470
309,29554
309,29609
309,29581
309,29596
309,29535
309,29609
309,29582
309,29571
309,29547
309,29582
31,3035
31,3055
31,2994
31,3004
31,3036
31,3055
31,3020
31,3074
31,3077
31,3031
310,29684
310,29635
310,29628
310,29663
310,29648
310,29646
310,29639
310,29703
310,29648
310,29628
311,29771
311,29771
311,29775
311,29729
311,29755
311,29727
311,29759
311,29780
311,29749
311,29771
312,29878
312,29838
312,29873
312,29838
312,29876
312,29870
312,29830
312,29867
312,29864
312,29857
313,29934
313,29986
313,29934
313,29986
313,29910
313,29973
313,29953
313,29917
313,29921
313,29971
314,30075
314,30047
314,30043
314,30029
314,30043
314,30041
314,30036
314,30040
314,30075
314,30060
315,30160
315,30135
315,30171
315,30149
315,30146
315,30142
315,30170
315,30125
315,30135
315,30098
316,30242
316,30221
316,30185
316,30229
316,30206
316,30221
316,30214
316,30183
316,30221
316,30229
317,30336
317,30329
317,30268
317,30304
317,30297
317,30273
317,30252
317,30354
317,30304
317,30297
318,30407
318,30427
318,30365
318,30367
318,30379
318,30378
318,30407
318,30414
318,30450
318,30417
319,30456
319,30532
319,30455
319,30474
319,30532
319,11631
319,30473
319,30483
319,30479
319,30546
32,3171
32,3107
32,3147
32,3184
32,3120
32,2701
32,3422
32,3164
32,3122
32,3157
320,30555
320,30609
320,30583
320,30609
320,30590
320,30631
320,30632
320,30641
320,30617
320,30558
321,30735
321,30668
321,30703
321,30691
321,30668
321,30673
321,30737
321,30739
321,30667
321,30718
322,30842
322,30770
322,30782
322,30844
322,30780
322,30760
322,30780
322,30764
322,30771
322,30829
323,30879
323,30892
323,30858
323,30879
323,30865
323,30888
323,30890
323,30934
323,30879
323,30875
324,6052
324,30981
324,30972
324,31043
324,31029
324,31053
324,31070
324,30971
324,30980
324,30998
325,31156
325,31072
325,31095
325,31079
325,31107
325,31129
325,31087
325,31140
325,31090
325,31075
326,31231
326,31189
326,31240
326,31256
326,31137
326,31238
326,31269
326,31251
326,31269
326,31270
327,31336
327,31357
327,31297
327,31324
327,31357
327,31303
327,31329
327,31292
327,31355
327,31293
328,31374
328,31410
328,31390
328,31426
328,31369
328,31391
328,31405
328,31408
328,31384
328,31402
329,31458
329,31493
329,31441
329,31510
329,31446
329,31458
329,31460
329,31462
329,31510
329,31458
33,3270
33,3214
33,3238
33,3197
33,3197
33,3257
33,3264
33,3195
33,3239
33,3274
330,31620
330,31560
330,31575
330,31623
330,31607
330,31617
330,31553
330,31578
330,31620
330,31560
331,31712
331,31672
331,31669
331,31664
331,31713
331,31653
331,31675
331,31335
331,31715
331,31703
332,31779
332,31820
332,31809
332,31730
332,31722
332,31812
332,31788
332,31748
332,31725
332,31806
333,31896
333,31846
333,31865
333,31841
333,31872
333,31846
333,31896
333,31908
333,31865
333,31841
334,31982
334,31938
334,31995
334,31982
334,31971
334,31950
334,31976
334,31947
334,31935
334,31982
335,32049
335,32102
335,32052
335,32034
335,32124
335,32128
335,32039
335,32113
335,32052
335,32049
336,32191
336,32169
336,32147
336,32178
336,32168
336,32169
336,32142
336,32193
336,32138
336,32169
337,32267
337,32269
337,32250
337,32325
337,32299
337,32285
337,32250
337,32248
337,32314
337,32243
338,32391
338,32358
338,32415
338,32378
338,32337
338,32378
338,32371
338,32418
338,32358
338,32337
339,32542
339,32498
339,32532
339,32499
339,32459
339,32496
339,32501
339,32494
339,32518
339,32490
34,3292
34,3338
34,3305
34,3354
34,3327
34,3339
34,3351
34,3301
34,3331
34,3349
340,32580
340,32616
340,32552
340,32625
340,32556
340,32651
340,32637
340,32576
340,32625
340,32616
341,32740
341,32731
341,32674
341,32743
341,32731
341,32675
341,32694
341,32674
341,32660
341,32683
342,32762
342,32827
342,32780
342,32798
342,32796
342,32809
342,32791
342,32807
342,32802
342,32781
343,32878
343,32830
343,32909
343,32908
343,32904
343,32908
343,32887
343,32857
343,32838
343,32882
344,32974
344,32999
344,32965
344,32941
344,32999
344,32988
344,32969
344,32972
344,32663
344,32941
345,33083
345,33035
345,33090
345,33074
345,33069
345,33083
345,33030
345,33058
345,33059
345,33069
346,33123
346,33199
346,33204
346,33107
346,33174
346,33186
346,33135
346,33123
346,33156
346,33123
347,33268
347,33261
347,33232
347,33220
347,33278
347,33292
347,33261
347,33291
347,33232
347,33268
348,33353
348,33374
348,33386
348,33325
348,33372
348,33322
348,33353
348,33401
348,33401
348,33314
349,33455
349,33448
349,33498
349,33510
349,33490
349,33466
349,33416
349,33464
349,33459
349,33502
35,3369
35,3434
35,3438
35,3400
35,3400
35,3381
35,3421
35,3381
35,3454
35,3419
350,33542
350,33544
350,33560
350,33543
350,33561
350,33566
350,33532
350,33529
350,33543
350,33544
351,33607
351,33621
351,33588
351,33658
351,33576
351,33631
351,33624
351,33645
351,33665
351,33607
352,33759
352,33749
352,33751
352,33757
352,33702
352,33759
352,33753
352,5881
352,33757
352,33753
353,33767
353,33781
353,33808
353,33852
353,33808
353,33864
353,33811
353,33805
353,33849
353,33811
354,33903
354,33881
354,33950
354,33880
354,33905
354,33931
354,33903
354,33956
354,33543
354,33905
355,34041
355,33991
355,34002
355,31636
355,34041
355,33995
355,34002
355,34020
355,34006
355,34034
356,34114
356,34125
356,34086
356,34075
356,34067
356,34103
356,34133
356,34114
356,34059
356,34085
357,34181
357,34193
357,34168
357,34181
357,34164
357,34235
357,34228
357,34168
357,34226
357,34183
358,34252
358,34316
358,34255
358,34336
358,34290
358,34295
358,34305
358,34282
358,34256
358,34252
359,34389
359,34413
359,34387
359,34404
359,34382
359,34390
359,34389
359,34376
359,34429
359,34277
36,3525
36,3488
36,3549
36,3484
36,3511
36,3558
36,3468
36,3552
36,3509
36,3472
360,34498
360,34493
360,34493
360,34506
360,34521
360,34460
360,34515
360,34493
360,34493
360,34509
361,34543
361,34572
361,34562
361,34543
361,34573
361,34572
361,34604
361,34570
361,34573
361,34561
362,34688
362,34626
362,34688
362,34622
362,34689
362,34652
362,34626
362,34652
362,34689
362,34624
363,34711
363,34761
363,34721
363,34700
363,34755
363,34762
363,34404
363,34218
363,34642
363,34711
364,34792
364,34772
364,34809
364,34804
364,34818
364,34809
364,34800
364,34804
364,34825
364,34816
365,34870
365,34911
365,34920
365,34889
365,34870
365,34834
365,34900
365,34911
365,34899
365,34921
366,34941
366,35015
366,34945
366,34999
366,34979
366,35002
366,34995
366,34941
366,34941
366,34966
367,35066
367,35076
367,35039
367,35091
367,35031
367,35076
367,35044
367,35088
367,35049
367,35104
368,35156
368,35164
368,35140
368,35175
368,35140
368,35152
368,35126
368,35231
368,35190
368,35168
369,35301
369,35301
369,35320
369,35311
369,35311
369,35295
369,35251
369,35315
369,35311
369,35234
37,3583
37,3583
37,3601
37,3621
37,3628
37,3601
37,3623
37,3604
37,3586
37,3564
370,35377
370,35386
370,35362
370,35381
370,35347
370,35374
370,35386
370,35362
370,35350
370,35362
371,35398
371,35486
371,35413
371,35474
371,35424
371,35440
371,35487
371,35401
371,35411
371,35393
372,35531
372,35560
372,35549
372,35516
372,35545
372,35560
372,35528
372,35509
372,35544
372,35503
373,35642
373,35642
373,35582
373,35577
373,35582
373,35642
373,35570
373,35585
373,35614
373,35628
374,35662
374,35694
374,35685
374,35700
374,35693
374,35662
374,35685
374,35691
374,35696
374,35686
375,35769
375,35771
375,35737
375,35771
375,35763
375,35764
375,35727
375,35771
375,35775
375,35737
376,35876
376,35802
376,35799
376,35853
376,35814
376,35799
376,35838
376,35861
376,35813
376,35833
377,35914
377,35980
377,35977
377,35887
377,35948
377,35980
377,35882
377,35900
377,35953
377,35953
378,36037
378,36028
378,36005
378,36033
378,36078
378,36063
378,36016
378,36043
378,35992
378,35992
379,36163
379,36142
379,36131
379,36124
379,36133
379,36168
379,36108
379,36142
379,36115
379,36166
38,3679
38,3690
38,3697
38,3696
38,3680
38,3697
38,3683
38,3683
38,3661
38,3685
380,36247
380,36189
380,36215
380,36235
380,36224
380,36285
380,36189
380,36222
380,36279
380,36237
381,36387
381,36377
381,36317
381,36302
381,36377
381,36388
381,36383
381,36347
381,36307
381,36348
382,36438
382,36417
382,13164
382,36427
382,13085
382,36434
382,36453
382,36450
382,36390
382,36417
383,36540
383,36487
383,36533
383,36499
383,36558
383,36482
383,36532
383,36511
383,36040
383,36131
384,36668
384,36648
384,36655
384,36648
384,36592
384,36661
384,36671
384,36631
384,36687
384,36661
385,36748
385,36690
385,36738
385,36702
385,36724
385,36737
385,36765
385,36758
385,36694
385,36702
386,36884
386,36877
386,36868
386,36869
386,36804
386,36865
386,36812
386,36859
386,36877
386,36868
387,36986
387,36932
387,36971
387,36898
387,36922
387,36986
387,36923
387,36899
387,36941
387,36986
388,37038
388,37017
388,36995
388,37047
388,37067
388,37047
388,37022
388,37012
388,37064
388,37052
389,37110
389,37103
389,37154
389,37154
389,37183
389,37108
389,37103
389,37181
389,37135
389,37181
39,3713
39,3703
39,3709
39,3713
39,3728
39,3726
39,3719
39,3718
39,3726
39,3710
390,37228
390,37270
390,37278
390,37212
390,37227
390,37254
390,37228
390,37270
390,37213
390,37247
391,37354
391,37349
391,37354
391,37344
391,37310
391,37345
391,37304
391,37310
391,37354
391,37316
392,37388
392,37450
392,37456
392,37439
392,37466
392,37444
392,37388
392,37434
392,37456
392,37462
393,37531
393,37585
393,37566
393,37539
393,37585
393,37539
393,37551
393,37531
393,37547
393,37503
394,37600
394,37608
394,37682
394,37686
394,37608
394,37687
394,37636
394,37618
394,37612
394,37658
395,37739
395,37748
395,37708
395,37748
395,37735
395,37697
395,37690
395,37708
395,37724
395,37747
396,37820
396,37840
396,37800
396,37794
396,37820
396,37796
396,37791
396,37807
396,37812
396,37836
397,37872
397,37910
397,37880
397,37870
397,37841
397,37868
397,37880
397,37892
397,37906
397,37868
398,37963
398,37979
398,37952
398,37933
398,37995
398,37933
398,37952
398,37957
398,37997
398,37963
399,38015
399,38056
399,38019
399,38112
399,38019
399,38020
399,38056
399,38102
399,38040
399,38043
4,377
4,359
4,365
4,359
4,382
4,379
4,360
4,382
4,354
4,335
40,3787
40,3794
40,3773
40,3828
40,3826
40,3830
40,3734
40,3800
40,3818
40,3814
41,3869
41,3840
41,3864
41,3885
41,3919
41,3891
41,3903
41,3876
41,3857
41,3876
42,3971
42,3948
42,4011
42,3980
42,4011
42,3996
42,3933
42,3976
42,3957
42,3979
43,4050
43,4086
43,4104
43,4052
43,4085
43,4107
43,4079
43,4104
43,4050
43,4085
44,4159
44,4220
44,4165
44,4158
44,4137
44,4208
44,4144
44,4175
44,4157
44,4154
45,4301
45,4236
45,4236
45,4318
45,4301
45,4256
45,4313
45,4325
45,4277
45,4285
46,4391
46,4426
46,4427
46,4354
46,4421
46,4415
46,4348
46,4362
46,4400
46,4354
47,4516
47,4431
47,4507
47,4460
47,4490
47,4516
47,4512
47,4491
47,4439
47,36440
48,4598
48,4525
48,4530
48,4531
48,4598
48,4573
48,4625
48,4597
48,4550
48,4556
49,4672
49,4694
49,4695
49,4677
49,4668
49,4688
49,4672
49,4696
49,4771
49,4674
5,418
5,444
5,487
5,415
5,444
5,480
5,461
5,464
5,414
5,422
50,4765
50,4741
50,4739
50,4745
50,4800
50,4765
50,4739
50,4820
50,4825
50,4786
51,4923
51,4872
51,4841
51,4882
51,4854
51,4911
51,4882
51,4878
51,4880
51,4905
52,4974
52,4953
52,5030
52,4966
52,4952
52,5010
52,4954
52,5030
52,5021
52,5010
53,5125
53,5110
53,5080
53,5125
53,5061
53,5094
53,5093
53,5080
53,5073
53,5067
54,5160
54,5149
54,5160
54,5138
54,5157
54,5147
54,5163
54,5142
54,5156
54,5160
55,5186
55,5186
55,5205
55,5224
55,5228
55,5192
55,5188
55,5216
55,5186
55,5228
56,5309
56,5288
56,5262
56,5339
56,5309
56,5362
56,5268
56,5295
56,5352
56,5361
57,5397
57,5452
57,5425
57,5407
57,5463
57,5456
57,5452
57,5378
57,5415
57,5387
58,5559
58,5494
58,5525
58,5559
58,5499
58,5562
58,5560
58,5494
58,5475
58,5499
59,5598
59,5600
59,5605
59,5568
59,5609
59,5648
59,5585
59,5619
59,5661
59,5648
6,539
6,529
6,497
6,578
6,523
6,578
6,561
6,583
6,549
6,554
60,5701
60,5673
60,5701
60,5691
60,5759
60,5687
60,5735
60,5754
60,5704
60,5690
61,5786
61,5792
61,5792
61,5772
61,5829
61,5815
61,5801
61,5822
61,5792
61,5786
62,5906
62,5895
62,5876
62,5904
62,5943
62,5867
62,5876
62,5895
62,5876
62,5940
63,6045
63,5957
63,5962
63,6045
63,6025
63,5959
63,5964
63,6002
63,6013
63,5964
64,6118
64,6073
64,6087
64,6117
64,6118
64,6060
64,6087
64,6093
64,6060
64,6126
65,6233
65,6174
65,6223
65,6182
65,6143
65,6133
65,6204
65,6148
65,6167
65,6197
66,6308
66,6299
66,6247
66,6259
66,6299
66,6267
66,6245
66,6282
66,6282
66,6300
67,6309
67,6361
67,6323
67,6315
67,6315
67,6383
67,6314
67,6378
67,6398
67,6374
68,6426
68,6492
68,6458
68,6412
68,6412
68,6457
68,6492
68,6477
68,6447
68,6434
69,6504
69,6595
69,6582
69,6511
69,6542
69,6504
69,6591
69,6514
69,6563
69,6533
7,636
7,675
7,685
7,645
7,629
7,623
7,702
7,642
7,645
7,628
70,6641
70,6607
70,6666
70,6652
70,6631
70,6662
70,6679
70,6702
70,6641
70,6607
71,6801
71,6791
71,6773
71,6705
71,6801
71,6791
71,6782
71,6718
71,6719
71,6765
72,6882
72,6839
72,6839
72,6827
72,6893
72,6833
72,6903
72,6882
72,6826
72,6858
73,6953
73,6970
73,6946
73,6931
73,6954
73,6946
73,6968
73,6920
73,6967
73,6985
74,7084
74,7029
74,7003
74,7075
74,7075
74,7005
74,7081
74,7019
74,7091
74,7072
75,7132
75,7132
75,7140
75,7150
75,7177
75,7137
75,7170
75,7129
75,7167
75,7139
76,7219
76,7272
76,7207
76,7281
76,7270
76,7207
76,7270
76,7226
76,7293
76,7204
77,7332
77,7392
77,7377
77,7387
77,7332
77,7362
77,7335
77,7308
77,7350
77,7391
78,7417
78,7417
78,7415
78,7446
78,7409
78,7448
78,7447
78,7409
78,7490
78,7483
79,7525
79,7522
79,7523
79,7495
79,7507
79,7523
79,7493
79,7517
79,7515
79,7521
8,774
8,775
8,734
8,707
8,722
8,726
8,731
8,788
8,780
8,722
80,7557
80,7570
80,7542
80,7623
80,7617
80,7567
80,7534
80,7534
80,7558
80,7617
81,7652
81,7701
81,7701
81,7691
81,7723
81,7691
81,7689
81,7629
81,7705
81,7683
82,7793
82,7804
82,7729
82,7804
82,7763
82,7733
82,7777
82,7808
82,7746
82,7807
83,7885
83,7917
83,7845
83,7885
83,7849
83,7891
83,7837
83,7911
83,7882
83,7899
84,7953
84,7934
84,8011
84,7952
84,7999
84,7973
84,7934
84,7997
84,7973
84,7952
85,8124
85,8104
85,8087
85,8107
85,8043
85,8043
85,8037
85,8035
85,8103
85,8103
86,8129
86,8162
86,8210
86,8210
86,8199
86,8163
86,8185
86,8129
86,8154
86,8125
87,8295
87,8227
87,8294
87,8281
87,8249
87,8293
87,8317
87,8283
87,8255
87,8272
88,8390
88,8344
88,8389
88,8349
88,8358
88,8322
88,8365
88,8356
88,8391
88,8404
89,8436
89,8474
89,8522
89,8474
89,8459
89,8486
89,8523
89,8464
89,8505
89,8474
9,899
9,820
9,902
9,887
9,854
9,849
9,891
9,876
9,895
9,843
90,8600
90,8581
90,8587
90,8581
90,8600
90,8561
90,8606
90,8537
90,8559
90,8598
91,8639
91,8647
91,8627
91,8641
91,8647
91,8697
91,8643
91,8538
91,8641
91,8681
92,8758
92,8753
92,8774
92,8752
92,8722
92,8790
92,8754
92,8742
92,8774
92,8751
93,8885
93,8814
93,8840
93,8885
93,8839
93,8864
93,8826
93,8862
93,8825
93,8885
94,8992
94,8947
94,8934
94,8992
94,8976
94,8892
94,8947
94,8994
94,8922
94,8922
95,9026
95,9014
95,9023
95,9042
95,9065
95,9047
95,9048
95,9081
95,9030
95,9083
96,9148
96,9122
96,9148
96,9133
96,9118
96,9146
96,9190
96,9113
96,9194
96,9132
97,9204
97,9269
97,9253
97,9225
97,9221
97,9298
97,9261
97,9269
97,9213
97,9231
98,9333
98,9347
98,9333
98,9396
98,9396
98,9378
98,9353
98,9332
98,9357
98,9378
99,9458
99,9426
99,9414
99,9456
99,9434
99,9489
99,9456
99,9475
99,9413
99,9481
